{
    "rightLowerLeg": {
        "rotation": [
            0.0,
            0.0,
            0.0,
            1.0
        ],
        "position": [
            0.003,
            -0.0005,
            0.004
        ]
    },
    "rightToes": {
        "rotation": [
            0.0,
            0.0,
            0.0,
            1.0
        ],
        "position": [
            0.0,
            0.0,
            0.0
        ]
    },
    "leftLowerLeg": {
        "rotation": [
            -0.844162,
            0.0,
            0.0,
            0.536089
        ],
        "position": [
            0.00575,
            0.035928965,
            0.00287084
        ]
    },
    "leftToes": {
        "rotation": [
            0.0,
            0.0,
            0.0,
            1.0
        ],
        "position": [
            0.0,
            0.0,
            0.0
        ]
    },
    "leftUpperLeg": {
        "rotation": [
            -0.024375,
            0.114538,
            -0.120492,
            0.985782
        ],
        "position": [
            0.0,
            0.0,
            0.0
        ]
    },
    "leftFoot": {
        "rotation": [
            0.0,
            0.0,
            0.0,
            1.0
        ],
        "position": [
            0.0,
            0.0,
            0.0
        ]
    },
    "rightUpperLeg": {
        "rotation": [
            0.0,
            0.0,
            0.0,
            1.0
        ],
        "position": [
            0.0,
            0.0,
            0.0
        ]
    },
    "neck": {
        "rotation": [
            -0.0,
            -0.0,
            -0.0,
            -1.0
        ],
        "position": [
            0.0,
            0.0,
            0.0
        ]
    },
    "rightShoulder": {
        "rotation": [
            0.072897,
            -0.061144,
            -0.452654,
            0.886596
        ],
        "position": [
            0.0,
            0.0,
            0.0
        ]
    },
    "rightUpperArm": {
        "rotation": [
            0.0,
            0.0,
            0.0,
            -1.0
        ],
        "position": [
            0.0,
            0.0,
            0.0
        ]
    },
    "rightLowerArm": {
        "rotation": [
            0.0,
            0.0,
            0.0,
            1.0
        ],
        "position": [
            0.0,
            0.0,
            0.0
        ]
    },
    "rightHand": {
        "rotation": [
            -0.488669,
            -0.350198,
            0.00178,
            -0.7991
        ],
        "position": [
            0.0,
            0.0,
            0.0
        ]
    },
    "rightThumbProximal": {
        "rotation": [
            -0.0,
            -0.0,
            -0.0,
            -1.0
        ],
        "position": [
            0.0,
            0.0,
            0.0
        ]
    },
    "rightThumbIntermediate": {
        "rotation": [
            0.118556,
            -0.120695,
            -0.0,
            -0.985584
        ],
        "position": [
            0.0,
            0.0,
            0.0
        ]
    },
    "rightThumbDistal": {
        "rotation": [
            0.07701,
            -0.091654,
            -0.0,
            -0.992808
        ],
        "position": [
            0.0,
            0.0,
            0.0
        ]
    },
    "rightLittleProximal": {
        "rotation": [
            -0.118397,
            -0.06794,
            -0.706264,
            -0.694662
        ],
        "position": [
            0.0,
            0.0,
            0.0
        ]
    },
    "rightLittleIntermediate": {
        "rotation": [
            0.0,
            -1e-06,
            -0.593177,
            -0.805071
        ],
        "position": [
            0.0,
            0.0,
            0.0
        ]
    },
    "rightLittleDistal": {
        "rotation": [
            -1e-06,
            -0.0,
            -0.518418,
            -0.855127
        ],
        "position": [
            0.0,
            0.0,
            0.0
        ]
    },
    "rightRingProximal": {
        "rotation": [
            -0.065159,
            -0.048479,
            -0.648399,
            -0.756955
        ],
        "position": [
            0.0,
            0.0,
            0.0
        ]
    },
    "rightRingIntermediate": {
        "rotation": [
            0.0,
            -1e-06,
            -0.597195,
            -0.802095
        ],
        "position": [
            0.0,
            0.0,
            0.0
        ]
    },
    "rightRingDistal": {
        "rotation": [
            -1e-06,
            0.0,
            -0.593177,
            -0.805071
        ],
        "position": [
            0.0,
            0.0,
            0.0
        ]
    },
    "rightMiddleProximal": {
        "rotation": [
            0.0,
            -1e-06,
            -0.539632,
            -0.841901
        ],
        "position": [
            0.0,
            0.0,
            0.0
        ]
    },
    "rightMiddleIntermediate": {
        "rotation": [
            -0.0,
            -1e-06,
            -0.744643,
            -0.667463
        ],
        "position": [
            0.0,
            0.0,
            0.0
        ]
    },
    "rightMiddleDistal": {
        "rotation": [
            -1e-06,
            -0.0,
            -0.539631,
            -0.8419
        ],
        "position": [
            0.0,
            0.0,
            0.0
        ]
    },
    "leftShoulder": {
        "rotation": [
            0.093042,
            -0.170585,
            0.036446,
            0.980262
        ],
        "position": [
            0.0,
            0.0,
            0.0
        ]
    },
    "leftUpperArm": {
        "rotation": [
            0.0,
            -0.0,
            -0.0,
            1.0
        ],
        "position": [
            0.0,
            0.0,
            0.0
        ]
    },
    "leftLowerArm": {
        "rotation": [
            0.697229,
            0.642157,
            0.049018,
            0.314804
        ],
        "position": [
            0.0,
            0.0,
            0.0
        ]
    },
    "leftHand": {
        "rotation": [
            0.232429,
            -0.166567,
            0.000847,
            -0.958244
        ],
        "position": [
            0.0,
            0.0,
            0.0
        ]
    },
    "leftThumbProximal": {
        "rotation": [
            -0.0,
            -0.0,
            -0.0,
            -1.0
        ],
        "position": [
            0.0,
            0.0,
            0.0
        ]
    },
    "leftThumbIntermediate": {
        "rotation": [
            0.118556,
            0.120695,
            0.0,
            -0.985584
        ],
        "position": [
            -0.0,
            0.0,
            0.0
        ]
    },
    "leftThumbDistal": {
        "rotation": [
            0.07701,
            0.091654,
            0.0,
            -0.992808
        ],
        "position": [
            -0.0,
            0.0,
            0.0
        ]
    },
    "leftLittleProximal": {
        "rotation": [
            -0.118397,
            0.06794,
            0.706264,
            -0.694662
        ],
        "position": [
            -0.0,
            0.0,
            0.0
        ]
    },
    "leftLittleIntermediate": {
        "rotation": [
            0.0,
            1e-06,
            0.593177,
            -0.805071
        ],
        "position": [
            -0.0,
            0.0,
            0.0
        ]
    },
    "leftLittleDistal": {
        "rotation": [
            -1e-06,
            0.0,
            0.518418,
            -0.855127
        ],
        "position": [
            -0.0,
            0.0,
            0.0
        ]
    },
    "leftRingProximal": {
        "rotation": [
            -0.065159,
            0.048479,
            0.648399,
            -0.756955
        ],
        "position": [
            -0.0,
            0.0,
            0.0
        ]
    },